model,l2_norm,cov_z_bg_c,cov_z_bg_e_tilda,cov_e_tilda_c,asw_z_bg
Model1,740.8852126787092,0.6559497296202933,0.0,0.0,0.0
scCausalVI,831.4681589969045,0.5569138234792453,0.31850128161840635,0.3527861601783353,0.584754228591919
